n,1/n,log2n,12sqrtn,50sqrtn,n^0.51,2^32*n,nlog2n,n^2-324,100n^2+6n,2n^3,n^(log2n)
2,0.500000,1.000000,16.970563,70.710678,1.424050,8589934592.000000,2.000000,-320.000000,412.000000,16.000000,2.000000
3,0.333333,1.584963,20.784610,86.602540,1.751184,12884901888.000000,4.754888,-315.000000,918.000000,54.000000,5.704522
4,0.250000,2.000000,24.000000,100.000000,2.027919,17179869184.000000,8.000000,-308.000000,1624.000000,128.000000,16.000000
5,0.200000,2.321928,26.832816,111.803399,2.272347,21474836480.000000,11.609640,-299.000000,2530.000000,250.000000,41.971848
6,0.166667,2.584963,29.393877,122.474487,2.493774,25769803776.000000,15.509775,-288.000000,3636.000000,432.000000,102.681405
7,0.142857,2.807355,31.749016,132.287566,2.697739,30064771072.000000,19.651484,-275.000000,4942.000000,686.000000,235.770868
8,0.125000,3.000000,33.941125,141.421356,2.887858,34359738368.000000,24.000000,-260.000000,6448.000000,1024.000000,512.000000
9,0.111111,3.169925,36.000000,150.000000,3.066646,38654705664.000000,28.529325,-243.000000,8154.000000,1458.000000,1058.954227
10,0.100000,3.321928,37.947332,158.113883,3.235937,42949672960.000000,33.219281,-224.000000,10060.000000,2000.000000,2098.592396
11,0.090909,3.459432,39.799497,165.831240,3.397115,47244640256.000000,38.053748,-203.000000,12166.000000,2662.000000,4005.223747
12,0.083333,3.584963,41.569219,173.205081,3.551260,51539607552.000000,43.019550,-180.000000,14472.000000,3456.000000,7393.061153
13,0.076923,3.700440,43.266615,180.277564,3.699228,55834574848.000000,48.105716,-155.000000,16978.000000,4394.000000,13245.861955
14,0.071429,3.807355,44.899889,187.082869,3.841716,60129542144.000000,53.302969,-128.000000,19684.000000,5488.000000,23105.545058
15,0.066667,3.906891,46.475800,193.649167,3.979299,64424509440.000000,58.603359,-99.000000,22590.000000,6750.000000,39342.312126
16,0.062500,4.000000,48.000000,200.000000,4.112455,68719476736.000000,64.000000,-68.000000,25696.000000,8192.000000,65536.000000
17,0.058824,4.087463,49.477268,206.155281,4.241593,73014444032.000000,69.486868,-35.000000,29002.000000,9826.000000,107007.506497
18,0.055556,4.169925,50.911688,212.132034,4.367058,77309411328.000000,75.058650,0.000000,32508.000000,11664.000000,171550.584717
19,0.052632,4.247928,52.306787,217.944947,4.489152,81604378624.000000,80.710623,37.000000,36214.000000,13718.000000,270428.590391
20,0.050000,4.321928,53.665631,223.606798,4.608136,85899345920.000000,86.438562,76.000000,40120.000000,16000.000000,419718.479173
21,0.047619,4.392317,54.990908,229.128785,4.724239,90194313216.000000,92.238666,117.000000,44226.000000,18522.000000,642106.172840
22,0.045455,4.459432,56.284989,234.520788,4.837663,94489280512.000000,98.107496,160.000000,48532.000000,21296.000000,969264.146814
23,0.043478,4.523562,57.549978,239.791576,4.948587,98784247808.000000,104.041925,205.000000,53038.000000,24334.000000,1444974.668050
24,0.041667,4.584963,58.787754,244.948974,5.057172,103079215104.000000,110.039100,252.000000,57744.000000,27648.000000,2129201.612098
25,0.040000,4.643856,60.000000,250.000000,5.163562,107374182400.000000,116.096405,301.000000,62650.000000,31250.000000,3103361.458491
26,0.038462,4.700440,61.188234,254.950976,5.267886,111669149696.000000,122.211433,352.000000,67756.000000,35152.000000,4477101.340867
27,0.037037,4.754888,62.353829,259.807621,5.370263,115964116992.000000,128.381963,405.000000,73062.000000,39366.000000,6396960.561985
28,0.035714,4.807355,63.498031,264.575131,5.470797,120259084288.000000,134.605938,460.000000,78568.000000,43904.000000,9057373.662722
29,0.034483,4.857981,64.621978,269.258240,5.569587,124554051584.000000,140.881449,517.000000,84274.000000,48778.000000,12714570.115765
30,0.033333,4.906891,65.726707,273.861279,5.666721,128849018880.000000,147.206718,576.000000,90180.000000,54000.000000,17704040.456755
31,0.032258,4.954196,66.813172,278.388218,5.762281,133143986176.000000,153.580086,637.000000,96286.000000,59582.000000,24462373.961931
32,0.031250,5.000000,67.882251,282.842712,5.856343,137438953472.000000,160.000000,700.000000,102592.000000,65536.000000,33554432.000000
33,0.030303,5.044394,68.934752,287.228132,5.948975,141733920768.000000,166.465006,765.000000,109098.000000,71874.000000,45707007.512069
34,0.029412,5.087463,69.971423,291.547595,6.040241,146028888064.000000,172.973737,832.000000,115804.000000,78608.000000,61850338.755481
35,0.028571,5.129283,70.992957,295.803989,6.130201,150323855360.000000,179.524906,901.000000,122710.000000,85750.000000,83169099.047640
36,0.027778,5.169925,72.000000,300.000000,6.218910,154618822656.000000,186.117300,972.000000,129816.000000,93312.000000,111164778.896431
37,0.027027,5.209453,72.993150,304.138127,6.306420,158913789952.000000,192.749775,1045.000000,137122.000000,101306.000000,147731718.366431
38,0.026316,5.247928,73.972968,308.220700,6.392778,163208757248.000000,199.421246,1120.000000,144628.000000,109744.000000,195249442.262459
39,0.025641,5.285402,74.939976,312.249900,6.478030,167503724544.000000,206.130687,1197.000000,152334.000000,118638.000000,256694405.939270
40,0.025000,5.321928,75.894664,316.227766,6.562217,171798691840.000000,212.877124,1276.000000,160240.000000,128000.000000,335774783.338666
41,0.024390,5.357552,76.837491,320.156212,6.645379,176093659136.000000,219.659632,1357.000000,168346.000000,137842.000000,437092530.213586
42,0.023810,5.392317,77.768888,324.037035,6.727553,180388626432.000000,226.477332,1440.000000,176652.000000,148176.000000,566337644.444530
43,0.023256,5.426265,78.689262,327.871926,6.808774,184683593728.000000,233.329384,1525.000000,185158.000000,159014.000000,730520333.030495
44,0.022727,5.459432,79.598995,331.662479,6.889074,188978561024.000000,240.214991,1612.000000,193864.000000,170368.000000,938247694.115958
45,0.022222,5.491853,80.498447,335.410197,6.968485,193273528320.000000,247.133389,1701.000000,202770.000000,182250.000000,1200052546.014571
46,0.021739,5.523562,81.387960,339.116499,7.047036,197568495616.000000,254.083850,1792.000000,211876.000000,194672.000000,1528783198.797139
47,0.021277,5.554589,82.267855,342.782730,7.124755,201863462912.000000,261.065676,1885.000000,221182.000000,207646.000000,1940064284.420898
48,0.020833,5.584963,83.138439,346.410162,7.201667,206158430208.000000,268.078200,1980.000000,230688.000000,221184.000000,2452840257.137437
49,0.020408,5.614710,84.000000,350.000000,7.277798,210453397504.000000,275.120782,2077.000000,240394.000000,235298.000000,3090014867.487506
50,0.020000,5.643856,84.852814,353.553391,7.353172,214748364800.000000,282.192809,2176.000000,250300.000000,250000.000000,3879201823.113272
51,0.019608,5.672425,85.697141,357.071421,7.427810,219043332096.000000,289.293692,2277.000000,260406.000000,265302.000000,4853604002.698649
52,0.019231,5.700440,86.533231,360.555128,7.501735,223338299392.000000,296.422865,2380.000000,270712.000000,281216.000000,6053041012.852460
53,0.018868,5.727920,87.361319,364.005494,7.574966,227633266688.000000,303.579784,2485.000000,281218.000000,297754.000000,7525147601.618924
54,0.018519,5.754888,88.181631,367.423461,7.647523,231928233984.000000,310.763925,2592.000000,291924.000000,314928.000000,9326768499.374613
55,0.018182,5.781360,88.994382,370.809924,7.719425,236223201280.000000,317.974784,2701.000000,302830.000000,332750.000000,11525578684.136219
56,0.017857,5.807355,89.799777,374.165739,7.790689,240518168576.000000,325.211876,2812.000000,313936.000000,351232.000000,14201961903.148504
57,0.017544,5.832890,90.598013,377.491722,7.861333,244813135872.000000,332.474731,2925.000000,325242.000000,370386.000000,17451184569.123379
58,0.017241,5.857981,91.389277,380.788655,7.931371,249108103168.000000,339.762898,3040.000000,336748.000000,390224.000000,21385906934.717026
59,0.016949,5.882643,92.173749,384.057287,8.000820,253403070464.000000,347.075940,3157.000000,348454.000000,410758.000000,26139078784.135380
60,0.016667,5.906891,92.951600,387.298335,8.069695,257698037760.000000,354.413436,3276.000000,360360.000000,432000.000000,31867272822.158600
61,0.016393,5.930737,93.722996,390.512484,8.138010,261993005056.000000,361.774978,3397.000000,372466.000000,453962.000000,38754515549.413361
62,0.016129,5.954196,94.488094,393.700394,8.205778,266287972352.000000,369.160171,3520.000000,384772.000000,476656.000000,47016682754.831543
63,0.015873,5.977280,95.247047,396.862697,8.273012,270582939648.000000,376.568635,3645.000000,397278.000000,500094.000000,56906534904.194740
64,0.015625,6.000000,96.000000,400.000000,8.339726,274877906944.000000,384.000000,3772.000000,409984.000000,524288.000000,68719476736.000000
65,0.015385,6.022368,96.747093,403.112887,8.405931,279172874240.000000,391.453908,3901.000000,422890.000000,549250.000000,82800135377.910553
66,0.015152,6.044394,97.488461,406.201920,8.471638,283467841536.000000,398.930012,4032.000000,435996.000000,574992.000000,99549862361.286392
67,0.014925,6.066089,98.224233,409.267639,8.536860,287762808832.000000,406.427976,4165.000000,449302.000000,601526.000000,119435277138.105330
68,0.014706,6.087463,98.954535,412.310563,8.601606,292057776128.000000,413.947473,4300.000000,462808.000000,628864.000000,142997983202.671330
69,0.014493,6.108524,99.679486,415.331193,8.665887,296352743424.000000,421.488188,4437.000000,476514.000000,657018.000000,170865602807.570280
70,0.014286,6.129283,100.399203,418.330013,8.729714,300647710720.000000,429.049811,4576.000000,490420.000000,686000.000000,203764292666.717010
71,0.014085,6.149747,101.113797,421.307489,8.793095,304942678016.000000,436.632045,4717.000000,504526.000000,715822.000000,242532921095.686400
72,0.013889,6.169925,101.823376,424.264069,8.856040,309237645312.000000,444.234600,4860.000000,518832.000000,746496.000000,288139106899.549440
73,0.013699,6.189825,102.528045,427.200187,8.918558,313532612608.000000,451.857193,5005.000000,533338.000000,778034.000000,341697342141.748600
74,0.013514,6.209453,103.227903,430.116263,8.980658,317827579904.000000,459.499549,5152.000000,548044.000000,810448.000000,404489444887.288090
75,0.013333,6.228819,103.923048,433.012702,9.042349,322122547200.000000,467.161402,5301.000000,562950.000000,843750.000000,477987614296.600710
76,0.013158,6.247928,104.613575,435.889894,9.103637,326417514496.000000,474.842491,5452.000000,578056.000000,877952.000000,563880389253.982540
77,0.012987,6.266787,105.299573,438.748219,9.164532,330712481792.000000,482.542564,5605.000000,593362.000000,913066.000000,664101843263.325810
78,0.012821,6.285402,105.981130,441.588043,9.225040,335007449088.000000,490.261373,5760.000000,608868.000000,949104.000000,780864382867.258180
79,0.012658,6.303781,106.658333,444.409721,9.285169,339302416384.000000,497.998679,5917.000000,624574.000000,986078.000000,916695554594.451170
80,0.012500,6.321928,107.331263,447.213595,9.344927,343597383680.000000,505.754248,6076.000000,640480.000000,1024000.000000,1074479306683.732800
81,0.012346,6.339850,108.000000,450.000000,9.404319,347892350976.000000,513.527850,6237.000000,656586.000000,1062882.000000,1257502196862.077600
82,0.012195,6.357552,108.664622,452.769257,9.463354,352187318272.000000,521.319264,6400.000000,672892.000000,1102736.000000,1469505086578.075900
83,0.012048,6.375039,109.325203,455.521679,9.522036,356482285568.000000,529.128273,6565.000000,689398.000000,1143574.000000,1714740915646.343300
84,0.011905,6.392317,109.981817,458.257569,9.580373,360777252864.000000,536.954664,6732.000000,706104.000000,1185408.000000,1998039209600.302000
85,0.011765,6.409391,110.634533,460.977223,9.638371,365072220160.000000,544.798230,6901.000000,723010.000000,1228250.000000,2324878035563.612800
86,0.011628,6.426265,111.283422,463.680925,9.696036,369367187456.000000,552.658769,7072.000000,740116.000000,1272112.000000,2701464191546.769000
87,0.011494,6.442943,111.928549,466.368953,9.753373,373662154752.000000,560.536084,7245.000000,757422.000000,1317006.000000,3134822489193.732900
88,0.011364,6.459432,112.569978,469.041576,9.810388,377957122048.000000,568.429982,7420.000000,774928.000000,1362944.000000,3632895071616.988800
89,0.011236,6.475733,113.207774,471.699057,9.867086,382252089344.000000,576.340275,7597.000000,792634.000000,1409938.000000,4204651796570.445300
90,0.011111,6.491853,113.841996,474.341649,9.923473,386547056640.000000,584.266779,7776.000000,810540.000000,1458000.000000,4860212811359.010700
91,0.010989,6.507795,114.472704,476.969601,9.979553,390842023936.000000,592.209312,7957.000000,828646.000000,1507142.000000,5610984550145.731400
92,0.010870,6.523562,115.099957,479.583152,10.035333,395136991232.000000,600.167700,8140.000000,846952.000000,1557376.000000,6469810497309.495100
93,0.010753,6.539159,115.723809,482.182538,10.090816,399431958528.000000,608.141769,8325.000000,865458.000000,1608714.000000,7451138182883.638700
94,0.010638,6.554589,116.344317,484.767986,10.146008,403726925824.000000,616.131352,8512.000000,884164.000000,1661168.000000,8571204008571.528300
95,0.010526,6.569856,116.961532,487.339717,10.200913,408021893120.000000,624.136283,8701.000000,903070.000000,1714750.000000,9848237646135.273400
96,0.010417,6.584963,117.575508,489.897949,10.255535,412316860416.000000,632.156400,8892.000000,922176.000000,1769472.000000,11302687904889.309000
97,0.010309,6.599913,118.186294,492.442890,10.309879,416611827712.000000,640.191546,9085.000000,941482.000000,1825346.000000,12957472132446.736000
98,0.010204,6.614710,118.793939,494.974747,10.363950,420906795008.000000,648.241565,9280.000000,960988.000000,1882384.000000,14838251393675.008000
99,0.010101,6.629357,119.398492,497.493719,10.417750,425201762304.000000,656.306305,9477.000000,980694.000000,1940598.000000,16973733867978.309000
100,0.010000,6.643856,120.000000,500.000000,10.471285,429496729600.000000,664.385619,9676.000000,1000600.000000,2000000.000000,19396009115566.359000
