algorithm,n,avg_time_us
merge_sort_2way,1000,83.314
merge_sort_3way,1000,70.671
merge_sort_2way,2000,159.371
merge_sort_3way,2000,142.300
merge_sort_2way,4000,351.843
merge_sort_3way,4000,312.629
merge_sort_2way,8000,729.129
merge_sort_3way,8000,676.200
merge_sort_2way,16000,1575.557
merge_sort_3way,16000,1410.343
merge_sort_2way,32000,3386.986
merge_sort_3way,32000,3049.857
merge_sort_2way,64000,8369.714
merge_sort_3way,64000,7191.600
merge_sort_2way,128000,16731.886
merge_sort_3way,128000,14493.771
merge_sort_2way,256000,32071.729
merge_sort_3way,256000,28406.029
merge_sort_2way,512000,66460.314
merge_sort_3way,512000,59083.771
merge_sort_2way,1000000,135397.171
merge_sort_3way,1000000,118949.271
